{"cameraMode":{"drawMode":0,"name":"Shaded","section":"Shading Mode"},"sceneLighting":true,"audioPlay":false,"sceneViewState":{"showFog":true,"showMaterialUpdate":false,"showSkybox":true,"showFlares":true,"showImageEffects":true,"showParticleSystems":true},"in2DMode":false,"pivot":{"x":-1.761518120765686,"y":3.920231819152832,"z":3.9238693714141847},"rotation":{"x":0.3590870797634125,"y":0.6069742441177368,"z":-0.35523897409439089,"w":0.6135503649711609},"size":0.8453636169433594,"orthographic":false}